Workbook

Sheet Synthèse
A1: Plan de test — site_travaux (ABCM Mulhouse-Lutterbach)
A2: Source : DOCUMENTATION.md § 15 (branche develop). Seules les cellules en bleu (feuilles de saisie) sont à renseigner ; cette feuille se recalcule seule.
A4: Module | B4: Cas | C4: dont P1 | D4: À faire | E4: OK | F4: KO | G4: Bloqué | H4: N/A | I4: % exécuté | J4: % OK
A5: AUT — Authentification | B5: =COUNTIF('Cas de test'!$B$2:$B$204,$A5) -> 14 | C5: =COUNTIFS('Cas de test'!$B$2:$B$204,$A5,'Cas de test'!$C$2:$C$204,"P1") -> 6 | D5: =COUNTIFS('Cas de test'!$B$2:$B$204,$A5,'Cas de test'!$J$2:$J$204,"À faire") -> 14 | E5: =COUNTIFS('Cas de test'!$B$2:$B$204,$A5,'Cas de test'!$J$2:$J$204,"OK") -> 0 | F5: =COUNTIFS('Cas de test'!$B$2:$B$204,$A5,'Cas de test'!$J$2:$J$204,"KO") -> 0 | G5: =COUNTIFS('Cas de test'!$B$2:$B$204,$A5,'Cas de test'!$J$2:$J$204,"Bloqué") -> 0 | H5: =COUNTIFS('Cas de test'!$B$2:$B$204,$A5,'Cas de test'!$J$2:$J$204,"N/A") -> 0 | I5: =IF(B5=0,0,(B5-D5)/B5) -> 0 | J5: =IF(B5=0,0,E5/B5) -> 0
A6: ACL — Droits et rôles | B6: =COUNTIF('Cas de test'!$B$2:$B$204,$A6) -> 11 | C6: =COUNTIFS('Cas de test'!$B$2:$B$204,$A6,'Cas de test'!$C$2:$C$204,"P1") -> 7 | D6: =COUNTIFS('Cas de test'!$B$2:$B$204,$A6,'Cas de test'!$J$2:$J$204,"À faire") -> 11 | E6: =COUNTIFS('Cas de test'!$B$2:$B$204,$A6,'Cas de test'!$J$2:$J$204,"OK") -> 0 | F6: =COUNTIFS('Cas de test'!$B$2:$B$204,$A6,'Cas de test'!$J$2:$J$204,"KO") -> 0 | G6: =COUNTIFS('Cas de test'!$B$2:$B$204,$A6,'Cas de test'!$J$2:$J$204,"Bloqué") -> 0 | H6: =COUNTIFS('Cas de test'!$B$2:$B$204,$A6,'Cas de test'!$J$2:$J$204,"N/A") -> 0 | I6: =IF(B6=0,0,(B6-D6)/B6) -> 0 | J6: =IF(B6=0,0,E6/B6) -> 0
A7: TRV — Travaux | B7: =COUNTIF('Cas de test'!$B$2:$B$204,$A7) -> 19 | C7: =COUNTIFS('Cas de test'!$B$2:$B$204,$A7,'Cas de test'!$C$2:$C$204,"P1") -> 9 | D7: =COUNTIFS('Cas de test'!$B$2:$B$204,$A7,'Cas de test'!$J$2:$J$204,"À faire") -> 19 | E7: =COUNTIFS('Cas de test'!$B$2:$B$204,$A7,'Cas de test'!$J$2:$J$204,"OK") -> 0 | F7: =COUNTIFS('Cas de test'!$B$2:$B$204,$A7,'Cas de test'!$J$2:$J$204,"KO") -> 0 | G7: =COUNTIFS('Cas de test'!$B$2:$B$204,$A7,'Cas de test'!$J$2:$J$204,"Bloqué") -> 0 | H7: =COUNTIFS('Cas de test'!$B$2:$B$204,$A7,'Cas de test'!$J$2:$J$204,"N/A") -> 0 | I7: =IF(B7=0,0,(B7-D7)/B7) -> 0 | J7: =IF(B7=0,0,E7/B7) -> 0
A8: REF — Validation par le référent | B8: =COUNTIF('Cas de test'!$B$2:$B$204,$A8) -> 11 | C8: =COUNTIFS('Cas de test'!$B$2:$B$204,$A8,'Cas de test'!$C$2:$C$204,"P1") -> 8 | D8: =COUNTIFS('Cas de test'!$B$2:$B$204,$A8,'Cas de test'!$J$2:$J$204,"À faire") -> 11 | E8: =COUNTIFS('Cas de test'!$B$2:$B$204,$A8,'Cas de test'!$J$2:$J$204,"OK") -> 0 | F8: =COUNTIFS('Cas de test'!$B$2:$B$204,$A8,'Cas de test'!$J$2:$J$204,"KO") -> 0 | G8: =COUNTIFS('Cas de test'!$B$2:$B$204,$A8,'Cas de test'!$J$2:$J$204,"Bloqué") -> 0 | H8: =COUNTIFS('Cas de test'!$B$2:$B$204,$A8,'Cas de test'!$J$2:$J$204,"N/A") -> 0 | I8: =IF(B8=0,0,(B8-D8)/B8) -> 0 | J8: =IF(B8=0,0,E8/B8) -> 0
A9: CAN — Cantine | B9: =COUNTIF('Cas de test'!$B$2:$B$204,$A9) -> 11 | C9: =COUNTIFS('Cas de test'!$B$2:$B$204,$A9,'Cas de test'!$C$2:$C$204,"P1") -> 8 | D9: =COUNTIFS('Cas de test'!$B$2:$B$204,$A9,'Cas de test'!$J$2:$J$204,"À faire") -> 11 | E9: =COUNTIFS('Cas de test'!$B$2:$B$204,$A9,'Cas de test'!$J$2:$J$204,"OK") -> 0 | F9: =COUNTIFS('Cas de test'!$B$2:$B$204,$A9,'Cas de test'!$J$2:$J$204,"KO") -> 0 | G9: =COUNTIFS('Cas de test'!$B$2:$B$204,$A9,'Cas de test'!$J$2:$J$204,"Bloqué") -> 0 | H9: =COUNTIFS('Cas de test'!$B$2:$B$204,$A9,'Cas de test'!$J$2:$J$204,"N/A") -> 0 | I9: =IF(B9=0,0,(B9-D9)/B9) -> 0 | J9: =IF(B9=0,0,E9/B9) -> 0
A10: UNI — Unités | B10: =COUNTIF('Cas de test'!$B$2:$B$204,$A10) -> 12 | C10: =COUNTIFS('Cas de test'!$B$2:$B$204,$A10,'Cas de test'!$C$2:$C$204,"P1") -> 6 | D10: =COUNTIFS('Cas de test'!$B$2:$B$204,$A10,'Cas de test'!$J$2:$J$204,"À faire") -> 12 | E10: =COUNTIFS('Cas de test'!$B$2:$B$204,$A10,'Cas de test'!$J$2:$J$204,"OK") -> 0 | F10: =COUNTIFS('Cas de test'!$B$2:$B$204,$A10,'Cas de test'!$J$2:$J$204,"KO") -> 0 | G10: =COUNTIFS('Cas de test'!$B$2:$B$204,$A10,'Cas de test'!$J$2:$J$204,"Bloqué") -> 0 | H10: =COUNTIFS('Cas de test'!$B$2:$B$204,$A10,'Cas de test'!$J$2:$J$204,"N/A") -> 0 | I10: =IF(B10=0,0,(B10-D10)/B10) -> 0 | J10: =IF(B10=0,0,E10/B10) -> 0
A11: FAM — Familles | B11: =COUNTIF('Cas de test'!$B$2:$B$204,$A11) -> 12 | C11: =COUNTIFS('Cas de test'!$B$2:$B$204,$A11,'Cas de test'!$C$2:$C$204,"P1") -> 4 | D11: =COUNTIFS('Cas de test'!$B$2:$B$204,$A11,'Cas de test'!$J$2:$J$204,"À faire") -> 12 | E11: =COUNTIFS('Cas de test'!$B$2:$B$204,$A11,'Cas de test'!$J$2:$J$204,"OK") -> 0 | F11: =COUNTIFS('Cas de test'!$B$2:$B$204,$A11,'Cas de test'!$J$2:$J$204,"KO") -> 0 | G11: =COUNTIFS('Cas de test'!$B$2:$B$204,$A11,'Cas de test'!$J$2:$J$204,"Bloqué") -> 0 | H11: =COUNTIFS('Cas de test'!$B$2:$B$204,$A11,'Cas de test'!$J$2:$J$204,"N/A") -> 0 | I11: =IF(B11=0,0,(B11-D11)/B11) -> 0 | J11: =IF(B11=0,0,E11/B11) -> 0
A12: IMP — Import CSV des familles | B12: =COUNTIF('Cas de test'!$B$2:$B$204,$A12) -> 9 | C12: =COUNTIFS('Cas de test'!$B$2:$B$204,$A12,'Cas de test'!$C$2:$C$204,"P1") -> 5 | D12: =COUNTIFS('Cas de test'!$B$2:$B$204,$A12,'Cas de test'!$J$2:$J$204,"À faire") -> 9 | E12: =COUNTIFS('Cas de test'!$B$2:$B$204,$A12,'Cas de test'!$J$2:$J$204,"OK") -> 0 | F12: =COUNTIFS('Cas de test'!$B$2:$B$204,$A12,'Cas de test'!$J$2:$J$204,"KO") -> 0 | G12: =COUNTIFS('Cas de test'!$B$2:$B$204,$A12,'Cas de test'!$J$2:$J$204,"Bloqué") -> 0 | H12: =COUNTIFS('Cas de test'!$B$2:$B$204,$A12,'Cas de test'!$J$2:$J$204,"N/A") -> 0 | I12: =IF(B12=0,0,(B12-D12)/B12) -> 0 | J12: =IF(B12=0,0,E12/B12) -> 0
A13: ORG — Organigramme et commissions | B13: =COUNTIF('Cas de test'!$B$2:$B$204,$A13) -> 9 | C13: =COUNTIFS('Cas de test'!$B$2:$B$204,$A13,'Cas de test'!$C$2:$C$204,"P1") -> 1 | D13: =COUNTIFS('Cas de test'!$B$2:$B$204,$A13,'Cas de test'!$J$2:$J$204,"À faire") -> 9 | E13: =COUNTIFS('Cas de test'!$B$2:$B$204,$A13,'Cas de test'!$J$2:$J$204,"OK") -> 0 | F13: =COUNTIFS('Cas de test'!$B$2:$B$204,$A13,'Cas de test'!$J$2:$J$204,"KO") -> 0 | G13: =COUNTIFS('Cas de test'!$B$2:$B$204,$A13,'Cas de test'!$J$2:$J$204,"Bloqué") -> 0 | H13: =COUNTIFS('Cas de test'!$B$2:$B$204,$A13,'Cas de test'!$J$2:$J$204,"N/A") -> 0 | I13: =IF(B13=0,0,(B13-D13)/B13) -> 0 | J13: =IF(B13=0,0,E13/B13) -> 0
A14: MAI — E-mails et notifications | B14: =COUNTIF('Cas de test'!$B$2:$B$204,$A14) -> 11 | C14: =COUNTIFS('Cas de test'!$B$2:$B$204,$A14,'Cas de test'!$C$2:$C$204,"P1") -> 4 | D14: =COUNTIFS('Cas de test'!$B$2:$B$204,$A14,'Cas de test'!$J$2:$J$204,"À faire") -> 11 | E14: =COUNTIFS('Cas de test'!$B$2:$B$204,$A14,'Cas de test'!$J$2:$J$204,"OK") -> 0 | F14: =COUNTIFS('Cas de test'!$B$2:$B$204,$A14,'Cas de test'!$J$2:$J$204,"KO") -> 0 | G14: =COUNTIFS('Cas de test'!$B$2:$B$204,$A14,'Cas de test'!$J$2:$J$204,"Bloqué") -> 0 | H14: =COUNTIFS('Cas de test'!$B$2:$B$204,$A14,'Cas de test'!$J$2:$J$204,"N/A") -> 0 | I14: =IF(B14=0,0,(B14-D14)/B14) -> 0 | J14: =IF(B14=0,0,E14/B14) -> 0
A15: CRO — Tâches planifiées | B15: =COUNTIF('Cas de test'!$B$2:$B$204,$A15) -> 11 | C15: =COUNTIFS('Cas de test'!$B$2:$B$204,$A15,'Cas de test'!$C$2:$C$204,"P1") -> 6 | D15: =COUNTIFS('Cas de test'!$B$2:$B$204,$A15,'Cas de test'!$J$2:$J$204,"À faire") -> 11 | E15: =COUNTIFS('Cas de test'!$B$2:$B$204,$A15,'Cas de test'!$J$2:$J$204,"OK") -> 0 | F15: =COUNTIFS('Cas de test'!$B$2:$B$204,$A15,'Cas de test'!$J$2:$J$204,"KO") -> 0 | G15: =COUNTIFS('Cas de test'!$B$2:$B$204,$A15,'Cas de test'!$J$2:$J$204,"Bloqué") -> 0 | H15: =COUNTIFS('Cas de test'!$B$2:$B$204,$A15,'Cas de test'!$J$2:$J$204,"N/A") -> 0 | I15: =IF(B15=0,0,(B15-D15)/B15) -> 0 | J15: =IF(B15=0,0,E15/B15) -> 0
A16: API — API REST | B16: =COUNTIF('Cas de test'!$B$2:$B$204,$A16) -> 16 | C16: =COUNTIFS('Cas de test'!$B$2:$B$204,$A16,'Cas de test'!$C$2:$C$204,"P1") -> 12 | D16: =COUNTIFS('Cas de test'!$B$2:$B$204,$A16,'Cas de test'!$J$2:$J$204,"À faire") -> 16 | E16: =COUNTIFS('Cas de test'!$B$2:$B$204,$A16,'Cas de test'!$J$2:$J$204,"OK") -> 0 | F16: =COUNTIFS('Cas de test'!$B$2:$B$204,$A16,'Cas de test'!$J$2:$J$204,"KO") -> 0 | G16: =COUNTIFS('Cas de test'!$B$2:$B$204,$A16,'Cas de test'!$J$2:$J$204,"Bloqué") -> 0 | H16: =COUNTIFS('Cas de test'!$B$2:$B$204,$A16,'Cas de test'!$J$2:$J$204,"N/A") -> 0 | I16: =IF(B16=0,0,(B16-D16)/B16) -> 0 | J16: =IF(B16=0,0,E16/B16) -> 0
... A21: PER — Performance et robustesse | B21: =COUNTIF('Cas de test'!$B$2:$B$204,$A21) -> 6 | C21: =COUNTIFS('Cas de test'!$B$2:$B$204,$A21,'Cas de test'!$C$2:$C$204,"P1") -> 0 | D21: =COUNTIFS('Cas de test'!$B$2:$B$204,$A21,'Cas de test'!$J$2:$J$204,"À faire") -> 6 | E21: =COUNTIFS('Cas de test'!$B$2:$B$204,$A21,'Cas de test'!$J$2:$J$204,"OK") -> 0 | F21: =COUNTIFS('Cas de test'!$B$2:$B$204,$A21,'Cas de test'!$J$2:$J$204,"KO") -> 0 | G21: =COUNTIFS('Cas de test'!$B$2:$B$204,$A21,'Cas de test'!$J$2:$J$204,"Bloqué") -> 0 | H21: =COUNTIFS('Cas de test'!$B$2:$B$204,$A21,'Cas de test'!$J$2:$J$204,"N/A") -> 0 | I21: =IF(B21=0,0,(B21-D21)/B21) -> 0 | J21: =IF(B21=0,0,E21/B21) -> 0
A22: Total | B22: =SUM(B5:B21) -> 203 | C22: =SUM(C5:C21) -> 103 | D22: =SUM(D5:D21) -> 203 | E22: =SUM(E5:E21) -> 0 | F22: =SUM(F5:F21) -> 0 | G22: =SUM(G5:G21) -> 0 | H22: =SUM(H5:H21) -> 0 | I22: =IF(B22=0,0,(B22-D22)/B22) -> 0 | J22: =IF(B22=0,0,E22/B22) -> 0
A24: Critères de sortie de recette (§ 15.9.2)
A25: Indicateur | B25: Réalisé | C25: Seuil | D25: Atteint ?
A26: Cas P1 exécutés et OK | B26: =COUNTIFS('Cas de test'!$C$2:$C$204,"P1",'Cas de test'!$J$2:$J$204,"OK")/COUNTIF('Cas de test'!$C$2:$C$204,"P1") -> 0 | C26: 1 | D26: =IF(B26>=C26,"Oui","Non") -> Non
A27: Cas P2 exécutés (hors À faire) | B27: =1-COUNTIFS('Cas de test'!$C$2:$C$204,"P2",'Cas de test'!$J$2:$J$204,"À faire")/COUNTIF('Cas de test'!$C$2:$C$204,"P2") -> 0 | C27: 0.9 | D27: =IF(B27>=C27,"Oui","Non") -> Non
A28: Cas P1 en KO | B28: =COUNTIFS('Cas de test'!$C$2:$C$204,"P1",'Cas de test'!$J$2:$J$204,"KO") -> 0 | C28: 0 | D28: =IF(B28=C28,"Oui","Non") -> Oui
A31: Anomalies S1/S2 ouvertes | B31: =COUNTIFS(Anomalies!$C$2:$C$59,"S1",Anomalies!$J$2:$J$59,"Ouverte")+COUNTIFS(Anomalies!$C$2:$C$59,"S2",Anomalies!$J$2:$J$59,"Ouverte") -> 0 | C31: 0 | D31: =IF(B31=C31,"Oui","Non") -> Oui

Sheet Cas de test
A1: ID | B1: Module | C1: Priorité | D1: Rôle | E1: Objectif | F1: Étapes | G1: Résultat attendu | H1: Testeur | I1: Date | J1: Statut | K1: N° anomalie | L1: Commentaire
A2: AUT-01 | B2: AUT — Authentification | C2: P1 | D2: sys | E2: Connexion admin locale | F2: Home/login, saisir U-ADM + mot de passe valide | G2: Session ouverte, type=sys, redirection /Home, menu admin visible | J2: À faire
A3: AUT-02 | B3: AUT — Authentification | C3: P1 | D3: — | E3: Mot de passe erroné | F3: Login valide + mot de passe faux | G3: Message d'erreur générique, pas de distinction « login inconnu » vs « mot de passe faux », aucune session | J3: À faire
A4: AUT-03 | B4: AUT — Authentification | C4: P1 | D4: — | E4: Login inexistant | F4: Saisir un login inconnu | G4: Même message et temps de réponse comparable à AUT-02 (protection contre l'énumération de comptes) | J4: À faire
A5: AUT-04 | B5: AUT — Authentification | C5: P1 | D5: fam | E5: Connexion famille | F5: U-FAM1 | G5: type=fam, menu famille sans entrées d'administration | J5: À faire
A6: AUT-05 | B6: AUT — Authentification | C6: P1 | D6: fam | E6: Migration de mot de passe legacy | F6: Se connecter avec U-LEGACY (hash MD5/crypt) | G6: Connexion acceptée et famille.password réécrit en $2y$... en base | J6: À faire
A7: AUT-06 | B7: AUT — Authentification | C7: P2 | D7: fam | E7: Connexion SSO Delta | F7: Choisir type_cnx = DELTA, identifiants Delta de test | G7: Compte famille local créé ou synchronisé, mot de passe stocké en bcrypt | J7: À faire
A8: AUT-07 | B8: AUT — Authentification | C8: P2 | D8: — | E8: Forçage NORM pour admin | F8: Se connecter avec le login admin en sélectionnant DELTA | G8: L'application force type_cnx=NORM et authentifie en local | J8: À faire
A9: AUT-08 | B9: AUT — Authentification | C9: P1 | D9: tous | E9: Déconnexion | F9: Home/logout | G9: Session détruite, cache ACL invalidé, accès à une page protégée redirigé vers le login | J9: À faire
A10: AUT-09 | B10: AUT — Authentification | C10: P2 | D10: — | E10: Captcha activé | F10: travaux.captcha = true, soumettre sans résoudre le captcha | G10: Connexion refusée, message d'erreur captcha affiché | J10: À faire
A11: AUT-10 | B11: AUT — Authentification | C11: P2 | D11: — | E11: Champs obligatoires | F11: Soumettre le formulaire vide | G11: Messages de validation en français, pas d'erreur PHP | J11: À faire
A12: AUT-11 | B12: AUT — Authentification | C12: P2 | D12: tous | E12: Mode maintenance | F12: travaux.maintenance = true, visiter le site | G12: Page Home/maintenance pour tous ; l'admin conserve un accès (à confirmer avec le métier) | J12: À faire
A13: AUT-12 | B13: AUT — Authentification | C13: P2 | D13: fam | E13: Changement de mot de passe | F13: Home/myaccount → nouveau mot de passe | G13: Reconnexion possible avec le nouveau seulement ; l'ancien est refusé | J13: À faire
... A188: SEC-17 | B188: SEC — Sécurité | C188: P2 | D188: — | E188: Mots de passe en base | F188: Inspecter acl_users.password et famille.password après une campagne de connexions | G188: 100 % en $2y$ (bcrypt) | J188: À faire
A189: IHM-01 | B189: IHM — Ergonomie, responsive, compatibilité | C189: P1 | D189: — | E189: Parcours famille sur mobile 360 px | G189: Inscription à une session réalisable de bout en bout sans scroll horizontal | J189: À faire
A190: IHM-02 | B190: IHM — Ergonomie, responsive, compatibilité | C190: P1 | D190: — | E190: Agenda cantine sur mobile | G190: Grille lisible, boutons d'inscription atteignables au pouce | J190: À faire
A191: IHM-03 | B191: IHM — Ergonomie, responsive, compatibilité | C191: P1 | D191: — | E191: Écran Units_controller/valid sur portable 1366 px | G191: Cartes lisibles, barre sticky visible, pas de chevauchement | J191: À faire
A192: IHM-04 | B192: IHM — Ergonomie, responsive, compatibilité | C192: P2 | D192: — | E192: Menu latéral | G192: Ouverture/fermeture correcte sur mobile et bureau, entrées filtrées par type d'utilisateur (opt) | J192: À faire
A193: IHM-05 | B193: IHM — Ergonomie, responsive, compatibilité | C193: P2 | D193: — | E193: Compatibilité navigateurs | G193: Aucun défaut bloquant sur les navigateurs du [§ 15.3.2](#1532-navigateurs-cibles) | J193: À faire
A194: IHM-06 | B194: IHM — Ergonomie, responsive, compatibilité | C194: P2 | D194: — | E194: Console JavaScript | G194: Aucune erreur JS sur les écrans principaux | J194: À faire
A195: IHM-07 | B195: IHM — Ergonomie, responsive, compatibilité | C195: P2 | D195: — | E195: Impression / PDF | G195: La feuille de session imprimée est lisible et complète (assets/css/pdf.css) | J195: À faire
A196: IHM-08 | B196: IHM — Ergonomie, responsive, compatibilité | C196: P2 | D196: — | E196: Langue | G196: Aucune clé de traduction brute (SOME_KEY) visible dans l'interface | J196: À faire
A197: IHM-09 | B197: IHM — Ergonomie, responsive, compatibilité | C197: P3 | D197: — | E197: Accessibilité de base | G197: Contrastes suffisants, libellés de formulaire associés, navigation au clavier possible sur les formulaires d'inscription | J197: À faire
A198: IHM-10 | B198: IHM — Ergonomie, responsive, compatibilité | C198: P3 | D198: — | E198: Images manquantes | G198: Photo de membre absente → image de remplacement (broken_image.png), pas d'icône cassée | J198: À faire
A199: PER-01 | B199: PER — Performance et robustesse | C199: P2 | D199: — | E199: Admwork_controller/register avec 200 sessions | G199: Chargement < 2 s | J199: À faire
A200: PER-02 | B200: PER — Performance et robustesse | C200: P2 | D200: — | E200: Units_controller/valid avec 100 sessions × 10 inscrits | G200: Chargement < 3 s, filtrage client fluide | J200: À faire
... A204: PER-06 | B204: PER — Performance et robustesse | C204: P2 | D204: — | E204: Journaux | G204: Après une campagne complète, writable/logs/ ne contient aucune erreur ERROR inattendue | J204: À faire

Sheet Smoke test
A1: # | B1: Cas | C1: Attendu | D1: Testeur | E1: Date | F1: Statut | G1: Commentaire
A2: 1 | B2: AUT-01 — Connexion admin | C2: Redirection vers le tableau de bord, menu sys complet | F2: À faire
A3: 2 | B3: AUT-04 — Connexion famille | C3: Menu fam, pas d'entrée d'administration | F3: À faire
A4: 3 | B4: TRV-01 — Admwork_controller/register | C4: Liste des sessions à venir, sans erreur PHP | F4: À faire
A5: 4 | B5: TRV-05 — Inscription à une session | C5: Ligne créée dans infos, compteur d'inscrits incrémenté | F5: À faire
A6: 5 | B6: TRV-08 — Désinscription | C6: Ligne supprimée, place libérée | F6: À faire
A7: 6 | B7: CAN-03 — Agenda cantine semaine courante | C7: Grille lundi-vendredi affichée | F7: À faire
A8: 7 | B8: UNI-01 — Units_controller/valid | C8: Cartes par session, filtres et compteurs opérationnels | F8: À faire
A9: 8 | B9: FAM-01 — Familys_controller/histo | C9: Total d'unités correct pour U-FAM1 | F9: À faire
A10: 9 | B10: ORG-01 — Orgchart_controller/orga | C10: Organigramme affiché | F10: À faire
A11: 10 | B11: ACL-01 — URL admin en session famille | C11: Redirection vers Home/no_right | F11: À faire
A12: 11 | B12: MAI-01 — Déclenchement d'une notification | C12: Ligne statut=0 créée dans sendmail | F12: À faire
A13: 12 | B13: AUT-08 — Déconnexion | C13: Session détruite, retour au formulaire de connexion | F13: À faire
B15: Résultat smoke (12/12 requis) | C15: =COUNTIF(F2:F13,"OK")&"/"&COUNTA(B2:B13) -> 0/12

Sheet Comptes et données
A1: Comptes de test (§ 15.4.1)
A2: Réf. | B2: Login | C2: Type | D2: Rôle | E2: Usage
A3: U-ADM | B3: admin | C3: sys | D3: admin | E3: Toutes les actions d'administration
A4: U-SYS2 | B4: gestion@test.local | C4: sys | D4: rôle restreint | E4: Vérifier le cloisonnement entre rôles sys
A5: U-FAM1 | B5: famille1@test.local | C5: fam | D5: role_famille (2) | E5: Famille école M, 2 enfants, 0 unité
A6: U-FAM2 | B6: famille2@test.local | C6: fam | D6: role_famille | E6: Famille école L, unités déjà validées
A7: U-REF | B7: referent@test.local | C7: fam | D7: role_famille | E7: Référente de T-FUTUR et T-PASSE
A8: U-LEGACY | B8: legacy@test.local | C8: fam | D8: role_famille | E8: Mot de passe encore en hash MD5/crypt() (test de migration bcrypt)
A9: U-DELTA | B9: compte Delta de test | C9: fam | D9: — | E9: Connexion SSO
A12: Données métier (§ 15.4.2)
A13: Réf. | B13: Objet | C13: Caractéristiques
A14: T-BROUILLON | B14: travaux | C14: statut=0, date future — ne doit pas apparaître côté famille
A15: T-FUTUR | B15: travaux | C15: type=TRA, statut=1, date J+15, nb_inscrits_max=4, nb_units=2, accespar=M, référent = U-REF
A16: T-PLEIN | B16: travaux | C16: nb_inscrits_max=2 et déjà 2 inscrits — test de saturation
A17: T-PASSE | B17: travaux | C17: date J-5, non archivé — validation référent
A18: T-VIEUX | B18: travaux | C18: date J-45, archived=0 — test d'archivage automatique
A19: T-URG | B19: travaux | C19: type=URG, sans date — ne doit jamais être archivé
A20: T-LUT | B20: travaux | C20: accespar=L — invisible pour U-FAM1 (école M)
A21: T-AN-1 | B21: travaux | C21: civil_year=2024-2025 — cloisonnement par année
A22: T-CAN | B22: travaux | C22: type=can, généré par le module cantine
A23: G-COM | B23: groupes | C23: Commission type=com avec 2 membres et 1 candidature en attente
A24: CSV-OK | B24: fichier | C24: Export ABCM valide, 10 familles dont 2 nouvelles et 1 modifiée
A25: CSV-KO | B25: fichier | C25: Même fichier avec colonnes manquantes / encodage erroné
A28: Jeu de données SQL de recette : database/sql/jeu_de_test/ (ne jamais charger en production).

Sheet Checklists
A1: Rubrique | B1: Point de contrôle | C1: Fait ? | D1: Commentaire
A2: Prérequis techniques (§ 15.3.1) | B2: Base de recette restaurée à partir d'un dump anonymisé de production (ou du jeu de données du § 15.4). | C2: Non
A3: Prérequis techniques (§ 15.3.1) | B3: Migration SQL appliquée : database/sql/mig_prod_vers_ci4.sql (§ 13). | C3: Non
A4: Prérequis techniques (§ 15.3.1) | B4: .env présent et renseigné (travaux.apiKey, travaux.passwordSalt, SMTP email.*). | C4: Non
A5: Prérequis techniques (§ 15.3.1) | B5: .env (database.default.*) pointant sur la base de recette et jamais sur la production. | C5: Non
A6: Prérequis techniques (§ 15.3.1) | B6: Droits d'écriture sur writable/, public/files/, app/Language/. | C6: Non
A7: Prérequis techniques (§ 15.3.1) | B7: travaux.civilYear (.env) cohérent avec les données de test (par défaut 2025-2026). | C7: Non
A8: Prérequis techniques (§ 15.3.1) | B8: travaux.maintenance = false, travaux.debugApp = none (sauf test dédié) et CI_ENVIRONMENT = production. | C8: Non
A9: Prérequis techniques (§ 15.3.1) | B9: SMTP de recette pointant sur une boîte de capture (MailHog, Mailtrap ou alias interne) — jamais sur les adresses réelles des familles. | C9: Non
A10: Non-régression avant mise en prod (§ 15.7) | B10: .env à jour sur le serveur (database.default.*, travaux.*, email.*) | C10: Non
A11: Non-régression avant mise en prod (§ 15.7) | B11: Migration SQL appliquée (voir § 13) | C11: Non
A12: Non-régression avant mise en prod (§ 15.7) | B12: Droits d'écriture vérifiés sur writable/, public/files/ | C12: Non
A13: Non-régression avant mise en prod (§ 15.7) | B13: civil_year correcte pour la campagne en cours | C13: Non
... A34: Critères de sortie (§ 15.9.2) | B34: Le CHANGELOG et la documentation sont à jour pour les évolutions livrées. | C34: Non

Sheet Anomalies
A1: ID | B1: Cas de test | C1: Sévérité | D1: Environnement | E1: Compte | F1: URL | G1: Étapes de reproduction | H1: Résultat obtenu | I1: Résultat attendu | J1: Statut | K1: Issue GitHub | L1: Date
A2: ANO-001 | B2: TRV-07 | C2: S3 | D2: recette — Chrome 1440×900 | E2: U-FAM1 | F2: /Admwork_controller/register | G2: 1. … 2. … | H2: (exemple) | I2: (exemple) | J2: Ouverte
A61: Ligne ANO-001 = exemple de format (à écraser). Sévérités : S1 bloquant · S2 majeur · S3 mineur · S4 cosmétique (§ 15.8).

Sheet Zones à risque
A1: Zone | B1: Risque | C1: Cas associés
A2: Admwork_model::GetFiltered | B2: L'année 2025-2026 est codée en dur — les campagnes suivantes risquent de ne rien afficher | C2: TRV-04
A3: Contrôle de capacité (ADD_registration) | B3: Lecture puis écriture non atomiques : dépassement possible en cas d'inscriptions simultanées | C3: TRV-11, PER-04
A4: trombi.ref / groupes_member.id_fam en VARCHAR | B4: Une valeur non numérique casse silencieusement la chaîne référent → aucun mail envoyé | C4: ORG-08, CRO-08
A5: Tokens de validation | B5: Rejeu et expiration : risque de double comptage d'unités | C5: REF-06, REF-07, REF-11
A6: Translations_controller | B6: Écriture de fichiers PHP depuis l'interface : traversée de répertoire et fichier corrompu | C6: TRA-04, TRA-07
A7: Verrou cron (writable/cron.lock, flock) | B7: Deux cron simultanés doivent s'exclure ; le verrou ne doit jamais rester orphelin | C7: CRO-04, CRO-05
A8: Import CSV | B8: Écrasement de données locales (unités, mots de passe) | C8: IMP-09
A9: Format de date H vs h | B9: Bug historique sur updated — à revérifier après toute modification des éléments de date | C9: BOF-12
